district,road_slot,lat,lon,customer_id,demand
Pontianak East,IV,-0.0288931452657386,109.35964090000572,C09_001,1.660934072833945
Pontianak East,IV,-0.0299144768671805,109.35916753140006,C09_002,1.1583176596280784
Pontianak East,IV,-0.0293583865565033,109.35835784594596,C09_003,1.7878968798670738
Pontianak East,IV,-0.0310489462174548,109.35859976019331,C09_004,1.546052043589046
Pontianak East,IV,-0.0313935063151814,109.35788049675612,C09_005,0.6412660218314743
Pontianak East,IV,-0.0304729195716453,109.35688713086984,C09_006,1.963433527455134
Pontianak East,IV,-0.0293412709978644,109.35826305298217,C09_007,1.6417095529855295
Pontianak East,IV,-0.031890021618615,109.35683717315062,C09_008,1.6790964579154308
Pontianak East,IV,-0.0258340462628609,109.35108249343466,C09_009,0.6921704490133188
Pontianak East,IV,-0.0274840323924214,109.35816122303146,C09_010,1.1755789068433506
Pontianak East,IV,-0.0269467766968815,109.36878725343946,C09_011,1.056197036348872
Pontianak East,IV,-0.0329284643444555,109.37427471263102,C09_012,1.8901474832729028
Pontianak East,IV,-0.0298722202223703,109.37025271473104,C09_013,1.4657976801209969
Pontianak East,IV,-0.0327213117647829,109.37090907770484,C09_014,1.734142419906245
Pontianak East,IV,-0.0282818829123691,109.36821123036248,C09_015,1.1651212982409966
Pontianak East,IV,-0.026602193081523,109.36328149739128,C09_016,0.8408580826771653
Pontianak East,IV,-0.0311056878389596,109.36640254897851,C09_017,1.3318771805237521
Pontianak East,IV,-0.030873729340197,109.36610278379602,C09_018,0.5957258841562629
Pontianak East,IV,-0.0360533395801149,109.3709317575954,C09_019,1.741446757988873
Pontianak East,IV,-0.0293043953699503,109.3641072905666,C09_020,1.4474965986830972
Pontianak East,IV,-0.0297359956663772,109.36354147855693,C09_021,1.6371316101280606
Pontianak East,IV,-0.0331801495619094,109.36150534771356,C09_022,1.0317889521948025
Pontianak East,IV,-0.0336267741871073,109.36195871796012,C09_023,1.9560470365923548
Pontianak East,IV,-0.0389881635328152,109.36698131098898,C09_024,1.8396816819832966
Pontianak East,IV,-0.0342169293243407,109.35838353117776,C09_025,1.6675752456106427
Pontianak East,IV,-0.0345768938286111,109.35799815043865,C09_026,0.7919580617779514
Pontianak East,IV,-0.0358050401715127,109.35915606473353,C09_027,1.2000815055905512
Pontianak East,IV,-0.0278750344872049,109.37457010714336,C09_028,0.5657056486808432
Pontianak East,IV,-0.0354697946583123,109.35394326137109,C09_029,0.7314342381013217
Pontianak East,IV,-0.0324141249437029,109.35233169417086,C09_030,1.524573429863682
Pontianak East,IV,-0.0319279485017062,109.35201151881829,C09_031,1.6171432338617258
Pontianak East,IV,-0.0290322613332142,109.34924155470078,C09_032,1.951264598651315
Pontianak East,IV,-0.0285368784036053,109.35596537546,C09_033,0.9887380372072279
Pontianak East,IV,-0.0293960207565432,109.3502736069669,C09_034,1.0556895590523032
Pontianak East,IV,-0.0442958441093867,109.35979974867128,C09_035,1.2043337169137118
Pontianak East,IV,-0.0413739415143936,109.36346578546645,C09_036,0.7842070386264286
Pontianak East,IV,-0.0398181590773283,109.36765507102508,C09_037,0.6948822580032075
Pontianak East,IV,-0.0391405213657663,109.36712715545262,C09_038,1.2135573893389007
Pontianak East,IV,-0.0459002858043192,109.37314662651534,C09_039,0.8403640235763261
Pontianak East,IV,-0.0553499165987001,109.38037520160526,C09_040,1.5047209920237656
Pontianak East,IV,-0.0361993491400655,109.37107937850446,C09_041,1.155727878308496
Pontianak East,IV,-0.0436108020183599,109.37791333559213,C09_042,1.749017294086756
Pontianak East,IV,-0.0511013447418223,109.383374182788,C09_043,1.5503976530033736
Pontianak East,IV,-0.0320551703274629,109.37241634787424,C09_044,0.9685499620730615
Pontianak East,IV,-0.0316747268791976,109.37282374462023,C09_045,1.7483897020928016
Pontianak East,IV,-0.0546422482782518,109.36850431605292,C09_046,1.7071465362452027
Pontianak East,IV,-0.0544407147996107,109.36840020938216,C09_047,1.0812175685452616
Pontianak East,IV,-0.0529066436900317,109.37053655502996,C09_048,0.9324921558953662
Pontianak East,IV,-0.0532808471871521,109.367557231791,C09_049,1.5237432559624633
Pontianak East,IV,-0.0531377427964565,109.36698528363726,C09_050,0.7096287254139647
Pontianak East,IV,-0.0513491779581667,109.36901294510824,C09_051,0.7998623037126624
Pontianak East,IV,-0.0523570933459886,109.367319714519,C09_052,0.5110434046265082
Pontianak East,IV,-0.0515977007114508,109.36832661294795,C09_053,1.6803865662532076
Pontianak East,IV,-0.0524120687434452,109.36651640732954,C09_054,1.497276284888048
Pontianak East,IV,-0.0515116987108853,109.36735579999126,C09_055,1.5577480679395026
Pontianak East,IV,-0.0516690129709695,109.36677039931506,C09_056,1.6710935465329517
Pontianak East,IV,-0.0516272974316373,109.36674427819948,C09_057,1.18837366330751
Pontianak East,IV,-0.0515116830694899,109.36589881901288,C09_058,1.3531117939293407
Pontianak East,IV,-0.0501907426407758,109.36744638170404,C09_059,0.7096954971914862
Pontianak East,IV,-0.0505720353414525,109.36635656729452,C09_060,0.6717951103039601
Pontianak East,IV,-0.0509093914383996,109.36546920421348,C09_061,1.5026044426857075
Pontianak East,IV,-0.0502669278923692,109.36494877471917,C09_062,1.2066443092146988
Pontianak East,IV,-0.049218751569762,109.3671411108212,C09_063,1.3478541597217832
Pontianak East,IV,-0.049897069980062,109.36470896327047,C09_064,1.6474982861240384
Pontianak East,IV,-0.0496499575247351,109.36450045007828,C09_065,1.4520774800008862
Pontianak East,IV,-0.0480091213579691,109.36649250863664,C09_066,1.3303691009869938
Pontianak East,IV,-0.0477524632066977,109.3665171205914,C09_067,1.3388107411181203
Pontianak East,IV,-0.0490567619001483,109.36449340303976,C09_068,0.9559251470939183
Pontianak East,IV,-0.0488698942344142,109.36423007255716,C09_069,0.546226751851909
Pontianak East,IV,-0.0486285041738482,109.36402237578136,C09_070,1.1550760838485434
Pontianak East,IV,-0.0477601887428495,109.3648459833049,C09_071,0.8218770092292937
Pontianak East,IV,-0.0486182736539609,109.36368703835812,C09_072,1.1127929655869542
Pontianak East,IV,-0.0478304571189791,109.36415453596382,C09_073,1.7801046099022493
Pontianak East,IV,-0.046921585543435,109.36469676453768,C09_074,0.8509092287980111
Pontianak East,IV,-0.0474624207314442,109.36256172240326,C09_075,0.587454112533599
Pontianak East,IV,-0.0473969832709408,109.36257584198,C09_076,0.9220758380329948
Pontianak East,IV,-0.0462081329670987,109.3638505799151,C09_077,0.9403906366500254
Pontianak East,IV,-0.0473001473937816,109.36243622299426,C09_078,1.4928747720903426
Pontianak East,IV,-0.0465555301288375,109.36270106468685,C09_079,1.3355482285119176
Pontianak East,IV,-0.0455747388708436,109.3638742609313,C09_080,1.6758473136596201
Pontianak East,IV,-0.0465403596264552,109.361733885191,C09_081,1.4964703104910813
Pontianak East,IV,-0.0447790347853333,109.36335324264296,C09_082,1.1095802921601057
Pontianak East,IV,-0.0462341880073109,109.36162716682144,C09_083,1.721030576999052
Pontianak East,IV,-0.0455790417909965,109.36105333281648,C09_084,0.7504593798615559
Pontianak East,IV,-0.0441168251962738,109.36240840273082,C09_085,0.5340681097007907
Pontianak East,IV,-0.0439292494514751,109.36220962731868,C09_086,0.6350717911634627
Pontianak East,IV,-0.0438115972734915,109.36190772995964,C09_087,1.5835390258946753
Pontianak East,IV,-0.0450520689144006,109.3601703547896,C09_088,1.1928158453770812
Pontianak East,IV,-0.0434143235173438,109.36185326941988,C09_089,0.7419076685504027
Pontianak East,IV,-0.0429459375071182,109.36206476647844,C09_090,1.2515671626550453
Pontianak East,IV,-0.0447702248602835,109.35985908396084,C09_091,0.7284681540697526
Pontianak East,IV,-0.0429104796938551,109.36158351417396,C09_092,1.544480562616604
Pontianak East,IV,-0.0421631558570779,109.36073224927796,C09_093,1.1692344133610462
Pontianak East,IV,-0.0422577119208854,109.3601865154225,C09_094,1.0715318391447237
Pontianak East,IV,-0.0433497162548032,109.3582286594194,C09_095,0.9522681337218148
Pontianak East,IV,-0.0406092193133043,109.3600459241192,C09_096,1.4454238896783327
Pontianak East,IV,-0.0430721394232093,109.3579032562474,C09_097,1.0427189158300856
Pontianak East,IV,-0.0424181602570732,109.3580814913211,C09_098,0.6314748789741516
Pontianak East,IV,-0.0423398384570586,109.3578517467888,C09_099,0.677008853180773
Pontianak East,IV,-0.0422833234559526,109.35750876481704,C09_100,1.9428464968242718
Pontianak East,IV,-0.0402537445827796,109.3591466580184,C09_101,1.8628710360614105
Pontianak East,IV,-0.0398337622821907,109.35817755992272,C09_102,1.5495607007161243
Pontianak East,IV,-0.0411753346639683,109.35662459581953,C09_103,0.8988049421892794
Pontianak East,IV,-0.0391848114343592,109.35834188161188,C09_104,1.9537645660215859
Pontianak East,IV,-0.0402864370475336,109.3567258921872,C09_105,1.6681263559486919
Pontianak East,IV,-0.0403034198499855,109.35571432735554,C09_106,1.5753352837384935
Pontianak East,IV,-0.0390182260158847,109.35705630016804,C09_107,1.1740422532156831
Pontianak East,IV,-0.0398320210381426,109.3557040658404,C09_108,0.9083623427677385
Pontianak East,IV,-0.0397607013771169,109.35529418481909,C09_109,0.6445864432302489
Pontianak East,IV,-0.038458655922733,109.35643668324909,C09_110,1.8539035948157625
Pontianak East,IV,-0.0391650555774233,109.3547274455542,C09_111,1.1836644347504166
Pontianak East,IV,-0.0390903077007777,109.3547352999996,C09_112,0.8035450471928455
Pontianak East,IV,-0.0383958948983197,109.35473038503974,C09_113,0.9589349362259787
Pontianak East,IV,-0.0383935252371099,109.3546506189014,C09_114,1.368829353412844
Pontianak East,IV,-0.0375204250794924,109.35558429112103,C09_115,0.7651591744088475
Pontianak East,IV,-0.0384968717798014,109.35401481395182,C09_116,1.7849214261385633
Pontianak East,IV,-0.0372157254565751,109.35559349040388,C09_117,1.6377792947528151
Pontianak East,IV,-0.0375093598832559,109.3545399921928,C09_118,1.5791944339264052
Pontianak East,IV,-0.0375502956195091,109.3539424081934,C09_119,1.1481395596626556
Pontianak East,IV,-0.0355201211116985,109.3562193022504,C09_120,1.440963261053665
Pontianak East,IV,-0.0375293128010242,109.35316177881568,C09_121,1.3761469533691033
Pontianak East,IV,-0.0366076460709613,109.35365400108466,C09_122,1.47476990233223
Pontianak East,IV,-0.0595127624322255,109.3749919725856,C09_123,0.6266664817098336
Pontianak East,IV,-0.0584706455396294,109.37084915577326,C09_124,1.1237111032559144
Pontianak East,IV,-0.0530008484151385,109.36728601761696,C09_125,0.5624212607928387
